{
  "hash": "ba96ed31",
  "configHash": "dd82ee09",
  "lockfileHash": "65d92565",
  "browserHash": "ccc9cc81",
  "optimized": {
    "@angular/common/http": {
      "src": "../../../../../node_modules/@angular/common/fesm2022/http.mjs",
      "file": "@angular_common_http.js",
      "fileHash": "43bb5c93",
      "needsInterop": false
    },
    "@angular/core": {
      "src": "../../../../../node_modules/@angular/core/fesm2022/core.mjs",
      "file": "@angular_core.js",
      "fileHash": "c7b28b12",
      "needsInterop": false
    },
    "@angular/platform-browser": {
      "src": "../../../../../node_modules/@angular/platform-browser/fesm2022/platform-browser.mjs",
      "file": "@angular_platform-browser.js",
      "fileHash": "ccbadc26",
      "needsInterop": false
    },
    "@angular/platform-browser/animations/async": {
      "src": "../../../../../node_modules/@angular/platform-browser/fesm2022/animations/async.mjs",
      "file": "@angular_platform-browser_animations_async.js",
      "fileHash": "ceae3483",
      "needsInterop": false
    },
    "@angular/router": {
      "src": "../../../../../node_modules/@angular/router/fesm2022/router.mjs",
      "file": "@angular_router.js",
      "fileHash": "11a46eea",
      "needsInterop": false
    },
    "@angular/forms": {
      "src": "../../../../../node_modules/@angular/forms/fesm2022/forms.mjs",
      "file": "@angular_forms.js",
      "fileHash": "ba94e758",
      "needsInterop": false
    },
    "@angular/material/input": {
      "src": "../../../../../node_modules/@angular/material/fesm2022/input.mjs",
      "file": "@angular_material_input.js",
      "fileHash": "d833a223",
      "needsInterop": false
    },
    "@angular/material/form-field": {
      "src": "../../../../../node_modules/@angular/material/fesm2022/form-field.mjs",
      "file": "@angular_material_form-field.js",
      "fileHash": "b513dd8f",
      "needsInterop": false
    },
    "@angular/material/button": {
      "src": "../../../../../node_modules/@angular/material/fesm2022/button.mjs",
      "file": "@angular_material_button.js",
      "fileHash": "71ff70a5",
      "needsInterop": false
    }
  },
  "chunks": {
    "browser-C5MPGEJW": {
      "file": "browser-C5MPGEJW.js"
    },
    "chunk-4GTOZW26": {
      "file": "chunk-4GTOZW26.js"
    },
    "chunk-HC7IU5YL": {
      "file": "chunk-HC7IU5YL.js"
    },
    "chunk-BF4MDQGD": {
      "file": "chunk-BF4MDQGD.js"
    },
    "chunk-O7XDCDGB": {
      "file": "chunk-O7XDCDGB.js"
    },
    "chunk-E4RHWSFE": {
      "file": "chunk-E4RHWSFE.js"
    },
    "chunk-L6KDFEON": {
      "file": "chunk-L6KDFEON.js"
    },
    "chunk-FSUWGTAQ": {
      "file": "chunk-FSUWGTAQ.js"
    },
    "chunk-LNN3W4MK": {
      "file": "chunk-LNN3W4MK.js"
    }
  }
}